{
    "priors": [
        0.5,
        0.5
    ],
    "sigmas": [
        [
            0.49620814524352513,
            0.46875926891992736
        ],
        [
            0.02674546009594931,
            0.022706507833171484
        ]
    ],
    "theta": [
        [
            -0.007192166649648363,
            -0.008230521965484057
        ],
        [
            -0.0036797462219995236,
            -0.01105858249249606
        ]
    ],
    "classes": [
        0,
        1
    ]
}